AuthorID,Name,Affiliation
2881469.0,K. Brawner,University of Oxford
40138490.0,B. Goldberg,University of Toronto
2005841.0,Kam Hong Shum,Microsoft
2285132256.0,Samuel Kai Wah Chu,Carnegie Mellon University
145194004.0,C. Yeung,Harvard University
66477068.0,Fehaid Alqahtani,ETH Zurich
2067851.0,Stamos Katsigiannis,University of Toronto
1728223.0,N. Ramzan,University of Tokyo
100799297.0,R. Rajendran,Harvard University
3114449.0,Sridhar V. Iyer,Harvard University
1791910.0,Sahana Murthy,Tsinghua University
38772386.0,Andrea Palazzi,Google
2175529.0,S. Calderara,Massachusetts Institute of Technology
1693197.0,N. Bicocchi,University of Oxford
3455215.0,L. Vezzali,Massachusetts Institute of Technology
3455177.0,G. Bernardo,ETH Zurich
1684412.0,F. Zambonelli,University of Cambridge
1741922.0,R. Cucchiara,University of Tokyo
2109114748.0,Chen Wang,Harvard University
144022557.0,Pablo César,IBM
2108929452.0,Campbell Wilson,Google
144375157.0,Judithe Sheard,Amazon
1931563.0,Joseph F. Grafsgaard,Google
1861231.0,Joseph B. Wiggins,Tsinghua University
2115476.0,K. Boyer,University of Cambridge
145182284.0,E. Wiebe,ETH Zurich
1717955.0,James C. Lester,Harvard University
3245530.0,Osama Arouk,University of Oxford
143816652.0,A. Ksentini,University of Toronto
1682312.0,T. Taleb,Harvard University
134387373.0,Manal El Tanab,University of Cambridge
1744086.0,W. Hamouda,Carnegie Mellon University
46633570.0,P. Castagno,Tsinghua University
145736060.0,V. Mancuso,ETH Zurich
144230333.0,M. Sereno,Google
1727779.0,M. Marsan,University of Cambridge
49455011.0,Yuchen Zhou,Tsinghua University
2155386824.0,F. Yu,Tsinghua University
9454574.0,Jian Chen,Amazon
3026863.0,Yonghong Kuo,Microsoft
2894523.0,Eugenio Vocaturo,University of Oxford
1757723.0,E. Zumpano,Stanford University
3013763.0,Luciano Caroprese,Amazon
2199304039.0,Yunjie Cai,Stanford University
40482798.0,Zeqi Zheng,University of Tokyo
2199267303.0,Shanling Nie,University of Toronto
2124928598.0,Yue Guo,ETH Zurich
2311645720.0,Ruijie Zhang,Carnegie Mellon University
2118697129.0,Hai Yang,Stanford University
2089067093.0,Inam Ullah Khan,University of Toronto
25447315.0,S. Azam,Amazon
2146610705.0,Sidratul Montaha,Stanford University
2411265.0,A. Mahmud,University of Oxford
2146610864.0,A. R. H. Rafid,Microsoft
,Md. Zahid Hasan,University of Toronto
145061116.0,M. Jonkman,Amazon
1881617.0,Jack Valmadre,University of Cambridge
2271057.0,Luca Bertinetto,ETH Zurich
143848064.0,João F. Henriques,University of Cambridge
1687524.0,A. Vedaldi,Amazon
143635540.0,Philip H. S. Torr,Amazon
2817207.0,Ozan Raşit Yürüm,Massachusetts Institute of Technology
1398028934.0,T. Taşkaya-Temizel,IBM
3030841.0,Soner Yıldırım,Tsinghua University
2127446251.0,Youjin Choi,Stanford University
3119731.0,Jooyeong Kim,Amazon
2152094456.0,Jin-Hyuk Hong,Carnegie Mellon University
153459399.0,John N. Walsh,University of Cambridge
2055848732.0,Michael P. O'Brien,Microsoft
47608700.0,Yvonne Costin,University of Oxford
150105187.0,F. G. Silva,Massachusetts Institute of Technology
2072798924.0,Thiago Reis da Silva,Stanford University
5800468.0,A. Santana,Microsoft
145761721.0,E. Aranha,Tsinghua University
2072389004.0,Namrata Srivastava,University of Oxford
2520424.0,Eduardo Velloso,University of Oxford
46515199.0,J. Lodge,University of Cambridge
144757691.0,S. Erfani,Tsinghua University
145148600.0,J. Bailey,IBM
2292282200.0,Elena Baralis,Amazon
2287930712.0,Luca Cagliero,Google
3141797.0,L. Farinetti,Carnegie Mellon University
2547594.0,M. Mezzalama,Carnegie Mellon University
24775322.0,Enrico Venuto,University of Tokyo
3376253.0,Z. Fang,Harvard University
2282398.0,Wenxiang Zhao,ETH Zurich
2436322.0,J. Ji,Carnegie Mellon University
48019426.0,Jianxing Zhao,University of Oxford
47844994.0,Duo Zhang,Google
,Yi Du,Massachusetts Institute of Technology
2297286377.0,Fan Wu,Stanford University
2133296696.0,Ayman M. El‐Refaie,Tsinghua University
1401997726.0,A. El-Refaie,Tsinghua University
2264759.0,P. Pruski,University of Cambridge
2769711.0,S. Paszek,Stanford University
2243999.0,A. Mohamed,University of Tokyo
1405514357.0,A. El-Gaafary,ETH Zurich
145846845.0,Y. Mohamed,Harvard University
35756903.0,A. Hemeida,ETH Zurich
9128955.0,K. Bhangale,Google
2434542.0,K. Mohanaprasad,University of Toronto
10834575.0,F. Laleye,Tsinghua University
2332637.0,E. C. Ezin,University of Toronto
2288176.0,C. Motamed,Massachusetts Institute of Technology
1725095.0,Tomasz Maszczyk,Microsoft
1679601.0,Wlodzislaw Duch,Amazon
98416103.0,Rikard Vinge,Tsinghua University
144295203.0,T. McKelvey,Google
52168775.0,A. Nemirko,ETH Zurich
145313246.0,Jianfeng Lu,University of Tokyo
2012558623.0,Haifeng Yan,Tsinghua University
38713946.0,Yubo Yuan,University of Cambridge
2470462.0,Boris Kovalerchuk,Harvard University
27030246.0,Dmytro Dovhalets,Tsinghua University
2655147.0,M. Grzenda,IBM
32349706.0,G. Ruß,Tsinghua University
2088927318.0,Luca Barbieri,Amazon
35005991.0,S. Savazzi,Tsinghua University
2239464106.0,Monica Nicoli,University of Toronto
3213767.0,Charitha Hettiarachchi,Carnegie Mellon University
2296852110.0,Nanfei Sun,Stanford University
2219751530.0,Trang Minh Quynh Le,Amazon
35138971.0,Naveed Saleem,Carnegie Mellon University
48559520.0,Zhenbo Xu,IBM
2329600.0,Wei Zhang,Massachusetts Institute of Technology
145681032.0,Xiao Tan,ETH Zurich
144984311.0,Wei Yang,IBM
2146052891.0,Huan Huang,Stanford University
2671368.0,Shilei Wen,Microsoft
12081764.0,Errui Ding,University of Oxford
2111137251.0,Liusheng Huang,University of Oxford
35122174.0,K. Koiwai,Stanford University
2672595.0,K. Kawada,Massachusetts Institute of Technology
2111261881.0,Toru Yamamoto,Harvard University
7184251.0,Takao Nanjo,Carnegie Mellon University
7551433.0,Yoichiro Yamazaki,Massachusetts Institute of Technology
97503663.0,Yoshiaki Fujimoto,Amazon
38635490.0,Danielle Saunders,ETH Zurich
36126076.0,B. Byrne,Tsinghua University
1741330216.0,Beatrice Savoldi,University of Oxford
2006601535.0,Sara Papi,Carnegie Mellon University
2256997075.0,Matteo Negri,University of Oxford
2241473056.0,Ana Guerberof,IBM
2486762.0,L. Bentivogli,Stanford University
2158524037.0,Rongwu Xu,University of Toronto
2312335443.0,Zi'an Zhou,University of Tokyo
2268671902.0,Tianwei Zhang,University of Toronto
2257044451.0,Zehan Qi,Tsinghua University
2312902257.0,Su Yao,University of Oxford
2312401769.0,Ke Xu,Massachusetts Institute of Technology
2304324554.0,Wei Xu,Harvard University
2268515593.0,Han Qiu,University of Toronto
2281332673.0,Henan Wang,Massachusetts Institute of Technology
2282209914.0,Hanxin Zhu,University of Cambridge
2259935939.0,Tianyu He,ETH Zurich
1641475500.0,Runsen Feng,IBM
2305062011.0,Jiajun Deng,Stanford University
2304555579.0,Jiang Bian,University of Tokyo
2287374267.0,Zhibo Chen,ETH Zurich
1994778.0,A. Fred,University of Oxford
145295484.0,Anil K. Jain,Stanford University
144789425.0,Jun Xiang,Carnegie Mellon University
5349619.0,R. Pan,Amazon
26908915.0,Weidong Gao,Microsoft
2108956293.0,WenJu Sun,Tsinghua University
2330367605.0,Zikang Wang,University of Toronto
3043043.0,Wei-Chun Sun,University of Toronto
2067076753.0,Sara Bahrami,University of Cambridge
2064267986.0,Ahmad Nazari,Google
32743643.0,Ayob Dehghan,Massachusetts Institute of Technology
2272205.0,S. Nejatian,Google
2242910.0,Vahideh Rezaie,IBM
2143490.0,H. Parvin,Google
3317124.0,Xiaobo Jin,University of Oxford
3057896.0,Guosen Xie,Amazon
5380819.0,Kaizhu Huang,Massachusetts Institute of Technology
144664815.0,A. Hussain,Stanford University
2672192.0,Sadrollah Abbasi,Carnegie Mellon University
2198089421.0,Karamolah Bagherifard,University of Cambridge
1930256.0,Francesco Tudisco,University of Toronto
144927912.0,Pedro Mercado,IBM
143610806.0,Matthias Hein,Carnegie Mellon University
2240710091.0,Jiatong Li,Microsoft
37278009.0,Fangda Han,Google
144753120.0,Ricardo Guerrero,Google
144658464.0,V. Pavlovic,Massachusetts Institute of Technology
34673652.0,R. Bryant,University of Toronto
2044250.0,S. German,University of Toronto
1888350.0,M. Velev,IBM
2956166.0,S. Tverdyshev,Amazon
2504420.0,M. Aagaard,Stanford University
145761556.0,B. Cook,University of Cambridge
2107714.0,N. Day,IBM
115075591.0,Robert B. Jones,Microsoft
73641055.0,I. Bausz,ETH Zurich
30884844.0,J. Borka,University of Tokyo
2615948.0,J. Deskur,Microsoft
1683061.0,T. Pajchrowski,University of Tokyo
1690284.0,K. Zawirski,Massachusetts Institute of Technology
32523571.0,K. Urbanski,Harvard University
2085813183.0,I. Moson,University of Oxford
50422483.0,A. Wilk,Carnegie Mellon University
2079059752.0,A. Maciejuk,Tsinghua University
2118590164.0,Zhiyuan Li,Carnegie Mellon University
,Hao Li,Microsoft
2108147319.0,Mingyang Zhang,University of Oxford
2313483079.0,Yifei Zeng,Stanford University
2276069729.0,Kai Zhao,Microsoft
2246718702.0,Fangchao Yu,University of Toronto
2248790595.0,Bo Zeng,University of Tokyo
2248531892.0,Zhi Pang,Google
2268243667.0,Lina Wang,Carnegie Mellon University
2069707975.0,Xin Wen,Stanford University
2116864543.0,Biying Li,Stanford University
2313045.0,Haiyun Guo,Microsoft
2109079276.0,Zhiwei Liu,Amazon
38819702.0,Guosheng Hu,Microsoft
2113727378.0,Ming Tang,IBM
49606029.0,Jinqiao Wang,University of Tokyo
2288264743.0,Yao Du,Google
2315113931.0,Qiang Zhai,Google
2150079871.0,Weihang Dai,Massachusetts Institute of Technology
2288220343.0,Xiaomeng Li,University of Toronto
2274572515.0,Wanli Zhao,IBM
2109464620.0,Shutong Wang,University of Oxford
2274454000.0,Xiaoguang Wang,Harvard University
2108506492.0,Duantengchuan Li,IBM
2275034014.0,Jing Wang,Amazon
1914486309.0,Chenghang Lai,Tsinghua University
2274436707.0,Xiaoxue Li,Amazon
,Yunan Lu,University of Cambridge
2142084504.0,Weiwei Li,Carnegie Mellon University
2201663597.0,Huaxiong Li,Google
1684067.0,Xiuyi Jia,Google
2261523249.0,Fangqing Xiao,ETH Zurich
2237900541.0,Dirk T. M. Slock,ETH Zurich
1935088014.0,Yuxin Zou,Amazon
1724876.0,P. Carbonetto,University of Tokyo
2277214035.0,Dongyue Xie,University of Tokyo
144140719.0,Gao Wang,Amazon
2205437693.0,Matthew Stephens,Microsoft
144465374.0,Kejun Li,ETH Zurich
152358983.0,Maegan Tucker,University of Toronto
8307674.0,Erdem Biyik,Google
151479011.0,Ellen R. Novoseller,Stanford University
144751617.0,J. Burdick,Google
3285568.0,Yanan Sui,IBM
1779671.0,Dorsa Sadigh,Google
1740159.0,Yisong Yue,Massachusetts Institute of Technology
6386345.0,A. Ames,Amazon
143851690.0,M. Das,Tsinghua University
2076906703.0,Binayak Padhy,Massachusetts Institute of Technology
9360691.0,B. K. Mishra,Stanford University
70466521.0,S. Eletter,Harvard University
2996147.0,Kai-Tai Tang,Stanford University
39109691.0,Howard Leung,Google
1696384.0,S. Srihari,Tsinghua University
1985392.0,Xuanshen Yang,University of Toronto
34366451.0,G. R. Ball,IBM
48608299.0,Yingfei Wu,Amazon
143749205.0,Yueting Zhuang,University of Toronto
144455838.0,Yunhe Pan,IBM
1765714.0,Jiangqin Wu,IBM
1689269.0,Cheng-Lin Liu,Microsoft
40059859.0,Stefan Jäger,Amazon
145887653.0,M. Nakagawa,University of Cambridge
145499972.0,Z. Azar,Massachusetts Institute of Technology
2107187631.0,Z. Zhu,Tsinghua University
144190461.0,R. Nie,Stanford University
40219946.0,Hao Chen,IBM
7567049.0,Wenmin Zhao,Microsoft
2473214.0,Jinfu Liu,University of Tokyo
2111306679.0,Shuyan Zhao,IBM
83281498.0,Jiachen Tian,University of Tokyo
50142601.0,Xing Wang,IBM
2136187365.0,Jingxin Zhang,University of Toronto
3415792.0,G. Dajaku,University of Toronto
31234157.0,S. Spas,IBM
151496719.0,X. Dajaku,University of Oxford
144053307.0,D. Gerling,Harvard University
97636334.0,G. Li,Stanford University
2107249774.0,X. Y. Ma,Microsoft
1850823.0,G. Jewell,Massachusetts Institute of Technology
2152094517.0,Jin Hong,Google
13240712.0,H. Hwang,University of Tokyo
22200410.0,Jeonghyun Cho,University of Toronto
3479626.0,Cheewoo Lee,Google
30853989.0,I. Afinowi,Harvard University
2240412382.0,Z. Q. Zhu,IBM
50463501.0,Y. Guan,Stanford University
81348578.0,J. Mipo,Massachusetts Institute of Technology
47989911.0,P. Farah,IBM
10138376.0,N. Nakao,University of Toronto
9386624.0,K. Akatsu,Google
2989395.0,N. Dhamayanthi,Microsoft
144840972.0,B. Lavanya,University of Toronto
2233087051.0,Tushar Sharma,Amazon
3126897.0,M. Kechagia,Microsoft
2386975.0,Stefanos Georgiou,Google
2054167519.0,Rohit Tiwari,Massachusetts Institute of Technology
2212139964.0,Indira Vats,Amazon
2275460764.0,Hadi Moazen,University of Oxford
2275465565.0,Federica Sarro,University of Toronto
71773551.0,K. Bhandari,Amazon
2110802437.0,Kuldeep Kumar,Stanford University
1780499.0,A. L. Sangal,University of Tokyo
41225353.0,Sushant Kumar Pandey,IBM
51148185.0,Deevashwer Rathee,Massachusetts Institute of Technology
144664298.0,A. Tripathi,Stanford University
2312762746.0,Aarti,Harvard University
1995465.0,Geeta Sikka,Google
40575321.0,R. Dhir,Amazon
1582373683.0,F. Matloob,Carnegie Mellon University
101690814.0,Taher M. Ghazal,Google
31630003.0,N. Taleb,IBM
46229027.0,Shabib Aftab,Massachusetts Institute of Technology
2006639365.0,M. Ahmad,Stanford University
2115774249.0,Muhammad Adnan Khan,Carnegie Mellon University
49134181.0,Sagheer Abbas,Amazon
144428386.0,Tariq Rahim Soomro,Stanford University
1443838989.0,Ankit Khairkar,ETH Zurich
1443835199.0,Chaudhari Bhushan Jayant,Carnegie Mellon University
1443834498.0,Karthikeya Racharla,University of Tokyo
1443837944.0,P. Harish,ETH Zurich
2112231675.0,Vineet Kumar,Amazon
97420399.0,A. Solanki,Microsoft
2069694304.0,Sachin Pandey,IBM
11130594.0,Akshata Shelke,University of Cambridge
9246173.0,A. Chitre,Massachusetts Institute of Technology
49329897.0,Leihui Chen,University of Tokyo
1652928715.0,Jianbing Zheng,Harvard University
46572901.0,Ming Gao,Massachusetts Institute of Technology
145031580.0,Aoying Zhou,Tsinghua University
1643876615.0,Weishan Zeng,Carnegie Mellon University
2155554118.0,Hui Chen,Microsoft
2111435045.0,Zefeng Chen,Stanford University
2248178756.0,Wensheng Gan,Carnegie Mellon University
2192664589.0,Jiayang Wu,University of Toronto
2218088927.0,Kaixia Hu,University of Cambridge
2140049261.0,Hong Lin,University of Toronto
2264819041.0,M. Nanthini,University of Cambridge
2266423009.0,•. K. Pradeep,ETH Zurich
2266428217.0,Mohan Kumar,University of Tokyo
2109693729.0,Chia-Ling Chang,Harvard University
2213822310.0,Yen-Liang Chen,Microsoft
2213936366.0,Jia-Shin Li,Stanford University
47421545.0,Shengze Yu,Tsinghua University
2153687490.0,Xin Wang,ETH Zurich
145583986.0,Wenwu Zhu,University of Cambridge
2144438988.0,Xiang Li,University of Oxford
37829131.0,Jingsha He,University of Oxford
2304031.0,Nafei Zhu,University of Cambridge
2068251206.0,Ziqiang Hou,Harvard University
2056029813.0,Tingting Feng,Carnegie Mellon University
2108748798.0,Xiaoyu Li,University of Oxford
3102353.0,Yuchun Guo,Carnegie Mellon University
2117989522.0,Ti Wang,Microsoft
50591589.0,Shan Yang,Harvard University
2112457000.0,Zhongyan Du,Tsinghua University
1749477.0,Pengjie Ren,University of Tokyo
150349953.0,Yujie Lin,Carnegie Mellon University
151123215.0,Muyang Ma,Tsinghua University
1721165.0,Zhumin Chen,Google
2780667.0,Z. Ren,Carnegie Mellon University
35729719.0,Jun Ma,University of Tokyo
1696030.0,M. de Rijke,ETH Zurich
1728262.0,A. Negi,Google
2341041934.0,K. P. Kishore,University of Cambridge
3215063.0,Henrique Fingler,University of Cambridge
31871632.0,Isha Tarte,University of Toronto
7279070.0,Hangchen Yu,Harvard University
1644635852.0,Ariel Szekely,University of Cambridge
146267713.0,Bodun Hu,Amazon
152426179.0,Aditya Akella,Harvard University
1692790.0,Christopher J. Rossbach,University of Tokyo
1729420201.0,I. Akgun,University of Oxford
10604706.0,A. S. Aydin,Amazon
2112692906.0,Andrew Burford,Stanford University
2141630360.0,Michael McNeill,University of Toronto
2141640922.0,Michael Arkhangelskiy,Microsoft
1708491.0,E. Zadok,IBM
70175077.0,Veronia Iskandar,Tsinghua University
33833878.0,Mohamed A. Abd El Ghany,Massachusetts Institute of Technology
2188449354.0,Diana Göhringer,University of Cambridge
2217670759.0,Yong Tang,Tsinghua University
151498162.0,Ronghua Lin,University of Cambridge
2248692.0,Dingding Li,Harvard University
2120309280.0,Yuguo Li,Massachusetts Institute of Technology
2288376751.0,Deze Zeng,Tsinghua University
39821303.0,M. Gupta,IBM
2360694.0,Lava Bhargava,Massachusetts Institute of Technology
,S. Indu,University of Tokyo
29811970.0,Blake P. Printy,Tsinghua University
39165583.0,N. Verma,ETH Zurich
3328061.0,M. Cowperthwaite,Carnegie Mellon University
8306347.0,M. Markey,University of Oxford
4068708.0,A. Salašová,Microsoft
40438170.0,G. Monti,ETH Zurich
9147746.0,O. Andersen,Stanford University
5347810.0,A. Nykjaer,IBM
23594535.0,A. Sasmita,ETH Zurich
1435255302.0,Veronica Barcelona de Mendoza,University of Oxford
49866582.0,Yunfeng Huang,IBM
5722287.0,Cindy A. Crusto,Harvard University
2224491502.0,Yan V. Sun,ETH Zurich
47675324.0,Jacquelyn Y. Taylor,Microsoft
3433846.0,Anandhi Iyappan,IBM
3332638.0,E. Younesi,University of Oxford
2462812.0,A. Redolfi,Tsinghua University
2622785.0,H. Vrooman,ETH Zurich
50451668.0,S. Khanna,Massachusetts Institute of Technology
144368188.0,G. Frisoni,Carnegie Mellon University
1397412776.0,M. Hofmann-Apitius,Massachusetts Institute of Technology
2985407.0,M. Weiner,University of Oxford
34564922.0,D. Veitch,Google
3989370.0,P. Aisen,University of Toronto
2097278.0,L. Beckett,Tsinghua University
2792502.0,N. Cairns,University of Tokyo
24921137.0,R. Green,ETH Zurich
34189754.0,D. Harvey,Google
144402064.0,C. Jack,Carnegie Mellon University
1789459.0,W. Jagust,University of Toronto
2259522390.0,J. Morris,ETH Zurich
2580797.0,R. Petersen,Carnegie Mellon University
7992909.0,A. Saykin,University of Oxford
35339352.0,L. Shaw,Massachusetts Institute of Technology
1699926.0,A. Toga,Tsinghua University
2410201.0,J. Trojanowski,Amazon
34609958.0,E. Knight,Stanford University
40285311.0,Henry H. Ruiz,Amazon
6992861.0,SoongHo Kim,ETH Zurich
7373211.0,Jessica C. Harte,University of Toronto
2099707751.0,Wilson Hsieh,University of Cambridge
3753236.0,C. Glabe,Stanford University
34914218.0,W. Klein,Carnegie Mellon University
3879170.0,A. Attie,ETH Zurich
35057477.0,C. Buettner,Harvard University
40318989.0,M. Ehrlich,Carnegie Mellon University
152711734.0,S. Gandy,Tsinghua University
2302598291.0,Naoya Nezu,Microsoft
2149654730.0,Hiroshi Yamada,Microsoft
2193621733.0,Suwan Li,Microsoft
1808054.0,Lei Bu,Massachusetts Institute of Technology
2729535.0,Guangdong Bai,University of Toronto
17922538.0,Zhixiu Guo,University of Cambridge
2199592928.0,Kai Chen,University of Oxford
2109394807.0,Hanlin Wei,Microsoft
1394853797.0,Hassan A. Shafei,ETH Zurich
2308379327.0,Hongchang Gao,Harvard University
2293773851.0,Chiu C. Tan,Google
48588429.0,Song Liao,University of Cambridge
2287828369.0,Mohammed Aldeen,Stanford University
2301263429.0,Jingwen Yan,Massachusetts Institute of Technology
2224149791.0,Long Cheng,University of Tokyo
2241567710.0,Xiapu Luo,ETH Zurich
2266224095.0,Haipeng Cai,Stanford University
2239164989.0,Hongxin Hu,Massachusetts Institute of Technology
1380210582.0,Wenjuan Zhong,University of Oxford
2224850812.0,Yuyang Zhang,University of Cambridge
2266393147.0,Peiwen Fu,Microsoft
2158038131.0,Wenxuan Xiong,Tsinghua University
2224871422.0,Mingming Zhang,Amazon
2737115.0,Weilong Yao,IBM
40446561.0,Jing He,University of Oxford
2074183.0,Guangyan Huang,University of Oxford
49889222.0,Yanchun Zhang,Tsinghua University
2129552805.0,Haseeb Ur Rehman Khan,Amazon
144422851.0,C. Lim,ETH Zurich
51305157.0,M. Ahmed,University of Toronto
31945834.0,K. Tan,Google
7387549.0,Mazlin Bin Mokhtar,Amazon
40504639.0,Canghong Jin,Amazon
2110321280.0,Yuli Zhou,Amazon
2045328466.0,Shengyu Ying,Harvard University
2145179631.0,Chi Zhang,ETH Zurich
2108528093.0,Weisong Wang,University of Cambridge
49227857.0,Ming-hui Wu,Stanford University
144127187.0,Sri Lestari,Microsoft
2001430.0,T. B. Adji,Google
3105567.0,A. E. Permanasari,ETH Zurich
2068237073.0,Li-Rong Xiong,Massachusetts Institute of Technology
2151977879.0,Ling-Yan Wang,Massachusetts Institute of Technology
2108862160.0,Yu Huang,Massachusetts Institute of Technology
49420283.0,Y. Liu,Harvard University
2110858505.0,Jiajun Yang,Tsinghua University
2631604.0,Georgios Palaiokrassas,Stanford University
24930472.0,Vassilios Charlaftis,Microsoft
144993939.0,A. Litke,Massachusetts Institute of Technology
145122221.0,T. Varvarigou,Amazon
24872217.0,Ilias Karlis,Google
49039276.0,Wenhan Zhang,IBM
145309490.0,Ming Feng,Harvard University
1741829.0,M. Krunz,University of Tokyo
52174183.0,A. Y. Abyaneh,Microsoft
50322456.0,Xuelin Cao,University of Tokyo
2237952223.0,Bo Yang,Tsinghua University
2307928585.0,Kaining Wang,IBM
48569168.0,Xinghua Li,ETH Zurich
2237945971.0,Zhiwen Yu,Google
2286537928.0,Chau Yuen,Google
2282238151.0,Yan Zhang,Google
2237133208.0,Zhu Han,Amazon
2238183604.0,Jinbo Peng,University of Tokyo
2249753104.0,Zhe Chen,Microsoft
2284062432.0,Zheng Lin,Massachusetts Institute of Technology
2284299482.0,Haoxuan Yuan,Tsinghua University
2265482139.0,Zihan Fang,Stanford University
2303300646.0,Lingzhong Bao,Massachusetts Institute of Technology
2047367251.0,Zihang Song,Harvard University
2303496429.0,Ying Li,University of Cambridge
2303320787.0,Jing Ren,Tsinghua University
2265488199.0,Yue Gao,Stanford University
150061884.0,Cong T. Nguyen,Amazon
9732252.0,Y. Saputra,Harvard University
8713362.0,Nguyen Van Huynh,University of Cambridge
2237081674.0,Tan N. Nguyen,Google
2233724.0,D. Hoang,ETH Zurich
30479205.0,Diep N. Nguyen,ETH Zurich
2171746590.0,Van-Quan Pham,IBM
2288313434.0,Miroslav Voznak,Carnegie Mellon University
1760292.0,S. Chatzinotas,Carnegie Mellon University
1380264987.0,Dinh-Hieu Tran,University of Oxford
2283589352.0,Fred Lacy,Microsoft
2283590134.0,Angel Ruiz-Reyes,University of Oxford
2283588819.0,Anthony Brescia,IBM
145189138.0,H. Aziza,University of Toronto
143874350.0,M. Moreau,Tsinghua University
2205704.0,A. Pérez,Google
1734579.0,A. Virazel,Massachusetts Institute of Technology
144090937.0,P. Girard,Massachusetts Institute of Technology
1397875622.0,J. Postel-Pellerin,Amazon
50061154.0,Hussein Bazzi,University of Tokyo
2093067.0,A. Harb,Tsinghua University
31404280.0,H. Aziza,Amazon
1712131.0,S. Hamdioui,Carnegie Mellon University
40995688.0,M. Fieback,University of Cambridge
1787136.0,M. Taouil,ETH Zurich
40992794.0,K. Coulié,University of Oxford
9081907.0,M. H. Zahmani,University of Toronto
3287693.0,B. Atmani,University of Cambridge
3132058.0,A. Bekrar,Harvard University
40118887.0,N. Aissani,ETH Zurich
144313209.0,R. Chen,ETH Zurich
2108651594.0,Wenxin Li,Google
2145268089.0,Hongbin Yang,Google
3445903.0,Marko Durasevic,IBM
3010687.0,D. Jakobović,Stanford University
30560416.0,Z. Červeňanská,Massachusetts Institute of Technology
31532029.0,P. Važan,Google
32392216.0,M. Juhás,Harvard University
31246215.0,B. Juhásová,Google
2197089945.0,Mohamed Habib Zahmani,Tsinghua University
1908321.0,Gurkan Ozturk,Microsoft
51304741.0,Ozan Bahadir,Stanford University
51287766.0,Aydin Teymourifar,Google
2151811163.0,Jian Zhang,Amazon
50164908.0,Guofu Ding,Amazon
1861844.0,Yisheng Zou,Massachusetts Institute of Technology
33128245.0,S. Qin,ETH Zurich
2119314601.0,Jianlin Fu,Harvard University
71108856.0,P. Dash,Stanford University
2302274495.0,An. Sigappi,University of Toronto
2287511219.0,Abirami M.S,University of Oxford
2287502472.0,Vennila B,Microsoft
,Suganthi K,Tsinghua University
2123848309.0,Sarthak Kawatra,University of Tokyo
2123848287.0,Anuja Vaishnava,ETH Zurich
102566250.0,Kamila Kunrath,Carnegie Mellon University
38384230.0,P. Cash,Google
97437767.0,M. Kleinsmann,ETH Zurich
2519125.0,Taewook Oh,University of Tokyo
1888818.0,S. Beard,Tsinghua University
2744545.0,Nick P. Johnson,Microsoft
1840375.0,S. Popovych,IBM
1722513.0,David I. August,University of Cambridge
2108193065.0,Xiaochun Zhang,Amazon
32482326.0,Timothy M. Jones,University of Cambridge
1957040.0,Simone Campanoni,Massachusetts Institute of Technology
3451123.0,Sotiris Apostolakis,Harvard University
2143541556.0,Ziyang Xu,University of Cambridge
1738293134.0,Zujun Tan,University of Tokyo
2061479319.0,Greg Chan,Microsoft
37472987.0,Remigius Meier,Microsoft
49773674.0,T. Gross,Google
8855702.0,Jordan Fix,Microsoft
40881092.0,N. P. Nagendra,Harvard University
2146207225.0,Hansen Zhang,University of Toronto
40880270.0,Sophie Qiu,Tsinghua University
1709408.0,M. Strout,Carnegie Mellon University
1695853.0,S. Debray,Microsoft
51470468.0,Kate Isaacs,University of Oxford
2609324.0,Barbara Kreaseck,Massachusetts Institute of Technology
1402189178.0,Julio Cárdenas-Rodríguez,Harvard University
38407187.0,B. Hurwitz,Massachusetts Institute of Technology
47770695.0,Kat Volk,Carnegie Mellon University
1421194792.0,Sam Badger,Microsoft
116611083.0,J. Bartels,Google
2300298.0,Ian J. Bertolacci,Amazon
9941473.0,S. Devkota,Stanford University
2078614166.0,Anthony Encinas,Stanford University
3360674.0,Benjamin Gaska,Google
47757869.0,Brandon Neth,Harvard University
1417469120.0,Theo Sackos,ETH Zurich
144690860.0,J. Stephens,University of Cambridge
82486328.0,S. Willer,Tsinghua University
2827326.0,Babak Yadegari,Massachusetts Institute of Technology
98043161.0,P. Pietrzak,Amazon
3379502.0,M. Wolkiewicz,ETH Zurich
8632321.0,Ziyuan Tong,University of Cambridge
47045246.0,Zhao-Yang Dong,Carnegie Mellon University
144637246.0,M. Li,Microsoft
4429539.0,Zhifu Wang,University of Oxford
11411544.0,Jingzhe Yang,Harvard University
2281781596.0,Huiping Ye,Harvard University
144666084.0,Wei Zhou,Tsinghua University
31102349.0,S. S. Moosavi,Massachusetts Institute of Technology
9134532.0,A. Djerdir,Carnegie Mellon University
103369396.0,Y. Amirat,ETH Zurich
3338497.0,D. Khaburi,University of Cambridge
2795986.0,Erica Halverson,Microsoft
1844816.0,Casey Fiesler,ETH Zurich
2056433522.0,Shannon Morrison,Carnegie Mellon University
145140106.0,R. Benjamin Shapiro,University of Toronto
143709703.0,A. Bruckman,Carnegie Mellon University
1736838.0,Christine Greenhow,Google
2345395321.0,Jiakang Li,Microsoft
49632828.0,Meng Sun,Stanford University
2711601.0,Xiongwei Zhang,Massachusetts Institute of Technology
1820776989.0,Rui Liu,Google
2218446983.0,Jinhua Zhang,Amazon
1807620.0,Guanglai Gao,University of Tokyo
1711271.0,Haizhou Li,Tsinghua University
2346325829.0,Peng Zhang,University of Toronto
2067771282.0,Peng Hu,University of Tokyo
46447254.0,Xueliang Zhang,Microsoft
93318142.0,Jucai Lin,University of Oxford
2217907653.0,Tingwei Chen,University of Toronto
32008190.0,Jingbiao Huang,Carnegie Mellon University
92847932.0,Ruidong Fang,IBM
2119273332.0,Jun Yin,Microsoft
2185358764.0,Yuanping Yin,University of Toronto
2107646088.0,W. Shi,Microsoft
2233541007.0,Weizhen Huang,University of Oxford
2185344138.0,Yapeng Mao,ETH Zurich
2067297189.0,W. Ge,IBM
51265125.0,Hemlata Tak,ETH Zurich
1910686.0,M. Todisco,University of Toronto
37860402.0,N. Evans,IBM
144925475.0,C. Angelov,Google
2066416221.0,Xu Ke,University of Toronto
3004362.0,K. Sierszecki,Harvard University
2886828.0,G. Adam,Tsinghua University
46347441.0,N. Petrellis,University of Cambridge
3309591.0,G. Garani,Massachusetts Institute of Technology
1721034485.0,Tilemachos Stylianos,Massachusetts Institute of Technology
145649739.0,Feng Zhou,Carnegie Mellon University
49469977.0,Xulong Zhang,IBM
66063851.0,Jianzong Wang,Harvard University
145292435.0,Ning Cheng,University of Toronto
91353860.0,Jing Xiao,University of Cambridge
2108716433.0,Weiqin Li,ETH Zurich
2036399110.0,Shunwei Lei,IBM
2204802757.0,Qiaochu Huang,Massachusetts Institute of Technology
2031124916.0,Yixuan Zhou,University of Tokyo
50061551.0,Zhiyong Wu,Harvard University
2220070414.0,Shiyin Kang,University of Oxford
145199941.0,H. Meng,Carnegie Mellon University
2167115517.0,Haobin Tang,Tsinghua University
1518658213.0,Aolan Sun,Tsinghua University
144137069.0,Xiaodong He,University of Tokyo
144718788.0,L. Deng,University of Cambridge
1395813836.0,Dilek Z. Hakkani-Tür,Stanford University
1748051.0,Gökhan Tür,Carnegie Mellon University
46963731.0,Olga Majewska,University of Tokyo
66879943.0,E. Razumovskaia,ETH Zurich
3381663.0,E. Ponti,University of Cambridge
1747849.0,Ivan Vulic,Stanford University
145762466.0,A. Korhonen,Harvard University
3449407.0,Rob van der Goot,Tsinghua University
2093471065.0,Ibrahim Sharaf,Tsinghua University
32219881.0,Aizhan Imankulova,ETH Zurich
82290814.0,A. Ustun,Harvard University
34808625.0,Marija Stepanović,IBM
1723636206.0,Alan Ramponi,Tsinghua University
2033743103.0,Siti Oryza Khairunnisa,Amazon
2936411.0,Mamoru Komachi,University of Oxford
2022124.0,Barbara Plank,University of Oxford
1666177566.0,Goran Glavavs,Stanford University
20662387.0,Tom Sherborne,Amazon
1747893.0,Mirella Lapata,University of Tokyo
2058349088.0,Keqing He,University of Toronto
1500528818.0,Yuanmeng Yan,Massachusetts Institute of Technology
1753096.0,Weiran Xu,University of Oxford
47210642.0,Weijia Xu,University of Tokyo
2058958734.0,Batool Haider,Harvard University
39674628.0,Saab Mansour,University of Cambridge
3466272.0,Talaat Khalil,Carnegie Mellon University
2065549193.0,Kornel Kielczewski,Harvard University
2065824446.0,G. Chouliaras,Harvard University
2064172851.0,Amina Keldibek,IBM
37411114.0,Maarten Versteegh,University of Oxford
2973433.0,Q. Do,Stanford University
3025472.0,Judith Gaspers,Harvard University
48594686.0,Wenfeng Hu,IBM
2145894805.0,Qiang Zhang,Stanford University
9152088.0,Yaqin Mao,University of Tokyo
89820401.0,Yueqi Hou,Carnegie Mellon University
71544601.0,Xiaolong Liang,Tsinghua University
50562121.0,Jiaqiang Zhang,University of Toronto
29870338.0,M. Lv,Google
2188021634.0,Aiwu Yang,Amazon
145137363.0,V. Sklyarov,Massachusetts Institute of Technology
2231645.0,I. Skliarova,University of Cambridge
144129346.0,Claudia Ribeiro,Amazon
153753899.0,Joana Tiago,ETH Zurich
2387411.0,Micaela Monteiro,Tsinghua University
143821170.0,J. Pereira,Stanford University
2084787.0,Voravika Wattanasoontorn,Google
2264186.0,I. Boada,University of Oxford
3081044.0,Carles Blavi,IBM
144182746.0,M. Sbert,ETH Zurich
9428697.0,J. Zurada,University of Tokyo
2297981221.0,Michał Bałdyga,University of Tokyo
2297982429.0,Kacper Barański,Stanford University
2236845573.0,Jakub Belter,University of Toronto
2242098286.0,Mateusz Kalinowski,ETH Zurich
3246790.0,Paweł Weichbroth,University of Cambridge
145212653.0,Wei Yin,Stanford University
1419882928.0,Berna Kirkulak-Uludag,University of Cambridge
1455982442.0,Dongmei Zhu,ETH Zurich
2172495962.0,Zixuan Zhou,Microsoft
32320216.0,Germanno Teles,Massachusetts Institute of Technology
152171655.0,J. Rodrigues,Microsoft
144256139.0,K. Saleem,Massachusetts Institute of Technology
1388497426.0,Sergei A. Kozlov,ETH Zurich
1961336197.0,Khaoula Ben Addi,Carnegie Mellon University
34598977.0,N. Souissi,Microsoft
2108649890.0,Weiwei Li,Harvard University
2808992.0,Kuan Zhang,University of Cambridge
47008023.0,Zhou Su,University of Cambridge
103073143.0,Rongxing Lu,Microsoft
49417468.0,Ying Wang,University of Cambridge
1750929449.0,Darwin Quezada-Gaibor,Amazon
1397616706.0,Joaquín Torres-Sospedra,Amazon
144575277.0,J. Nurmi,Tsinghua University
1701549.0,Y. Koucheryavy,Carnegie Mellon University
145368587.0,J. Huerta,Carnegie Mellon University
2152786117.0,Liang Xie,Carnegie Mellon University
9533837.0,T. Luan,Google
1908622.0,Qichao Xu,IBM
2152140288.0,Nan Chen,University of Toronto
1731681.0,Ruidong Li,University of Cambridge
2108901244.0,Yuntao Wang,Amazon
1794138.0,A. Benslimane,University of Cambridge
2292253.0,Dongfeng Fang,Amazon
3882507.0,Lal Hussain,Stanford University
1754686.0,A. Malibari,Tsinghua University
137797596.0,Jaber S. Alzahrani,Carnegie Mellon University
2184768291.0,Mohamed Alamgeer,Massachusetts Institute of Technology
9308606.0,M. Obayya,University of Tokyo
1401238067.0,F. Al-Wesabi,Tsinghua University
1670457505.0,Heba Mohsen,Microsoft
102762161.0,M. A. Hamza,Tsinghua University
2749944.0,A. Albraikan,Carnegie Mellon University
15015166.0,N. Negm,Massachusetts Institute of Technology
71917557.0,M. A. Duhayyim,Massachusetts Institute of Technology
3372390.0,Abdelwahed Motwakel,Amazon
2150533771.0,Ishfaq Yaseen,Microsoft
47994557.0,Lihong Peng,University of Oxford
2146410807.0,Chang Wang,ETH Zurich
1516137971.0,Xiongfei Tian,Microsoft
3109796.0,Liqian Zhou,Amazon
2149139943.0,Keqin Li,IBM
1934350.0,M. Elgendi,Stanford University
2266990041.0,Valentina Cecchini,Stanford University
2320745156.0,Luana Nyirö,Google
2266984864.0,Lindsay M Gorrell,Tsinghua University
2239233404.0,P. Schweinhardt,Amazon
2153523121.0,Carlo Menon,Harvard University
120738683.0,Yanchao Sun,Google
31186224.0,Xiangyu Yin,Tsinghua University
2117426487.0,Furong Huang,University of Toronto
2249618490.0,Soumia Mehimeh,IBM
2249602883.0,Xianglong Tang,Google
144122124.0,Wei Zhao,University of Cambridge
31773628.0,Alan L. S. Matias,University of Toronto
2269331.0,A. Neto,University of Oxford
2142802.0,César Lincoln Cavalcante Mattos,Stanford University
144227442.0,J. Gomes,Google
2803078.0,Leonardo Enzo Brito da Silva,University of Oxford
51930423.0,Islam El-Nabarawy,University of Cambridge
145033828.0,D. Wunsch,Tsinghua University
2778943.0,L. Sasu,Stanford University
1706825.0,Răzvan Andonie,IBM
2464297.0,G. Sideratos,University of Oxford
2244075287.0,N. Hatziargyriou,ETH Zurich
8821014.0,M. Yaghini,Massachusetts Institute of Technology
143863987.0,M. Shadmani,Harvard University
38930076.0,N. Zhang,University of Oxford
144666283.0,Yanpeng Qu,Tsinghua University
38459018.0,Ansheng Deng,Massachusetts Institute of Technology
2152769626.0,Jian Wang,Carnegie Mellon University
3008614.0,Siyuan Lu,Amazon
2121366199.0,Shui-hua Wang,Tsinghua University
7550152.0,Yudong Zhang,ETH Zurich
31139966.0,Tawfek Mahmoud,University of Tokyo
144402926.0,Z. Dong,Massachusetts Institute of Technology
2158083255.0,Jin Ma,Google
47273915.0,Xiaofen Tang,Amazon
2146028670.0,Li Chen,Google
1700326.0,J. Demmel,Tsinghua University
1708869.0,J. Dongarra,ETH Zurich
145222925.0,Mark Gates,Harvard University
145131827.0,G. Henry,University of Tokyo
1786954.0,J. Langou,University of Tokyo
2116581861.0,Xiaoye Li,University of Toronto
1741269.0,P. Luszczek,Amazon
32215523.0,W. Pereira,Microsoft
70119713.0,Jason Riedy,University of Oxford
2058009148.0,Cindy Rubio-Gonz'alez,ETH Zurich
2155142430.0,Xufan Zhang,University of Oxford
2119918192.0,Ning Sun,Amazon
7595994.0,Chunrong Fang,University of Tokyo
2145483763.0,Jiawei Liu,IBM
2127092888.0,Jia Liu,Stanford University
2064208427.0,Dong Chai,University of Oxford
2118443695.0,Jiang Wang,Stanford University
9220930.0,Zhenyu Chen,Microsoft
1749863.0,Roberto Bagnara,ETH Zurich
47267734.0,M. Chiari,Massachusetts Institute of Technology
145594535.0,R. Gori,Tsinghua University
7560563.0,Abramo Bagnara,University of Oxford
1811447970.0,Jackson Vanover,Stanford University
49077336.0,X. Deng,University of Oxford
1388822055.0,Cindy Rubio-González,University of Cambridge
2110970966.0,Hui Guo,Tsinghua University
2983898.0,Ross B. Girshick,Tsinghua University
143751119.0,Jitendra Malik,University of Toronto
2344173244.0,Tomasz Szandala,ETH Zurich
2145782935.0,Yuanqin Zhang,Google
48979871.0,Jiahao Cai,Tsinghua University
2512318.0,Deqin Xiao,Carnegie Mellon University
2109963471.0,Zesen Li,Tsinghua University
3166515.0,B. Xiong,University of Toronto
47002847.0,Yali Li,University of Oxford
1678689.0,Shengjin Wang,Tsinghua University
2142141158.0,Manjin Kim,IBM
14454974.0,P. H. Seo,Tsinghua University
2295512864.0,Cordelia Schmid,University of Toronto
2295624681.0,Minsu Cho,Amazon
32791484.0,Shen Fu,University of Cambridge
2064191776.0,Dong Qin,Stanford University
144261500.0,D. Qiao,Google
1758123.0,G. Amariucai,University of Toronto
2069571812.0,Yong Guan,Harvard University
1659124275.0,A. Smiley,Harvard University
52135845.0,Jashojit Mukhtarjee,ETH Zurich
2042696323.0,K. Praveen,Google
31081428.0,Venugopala Madumbu,Amazon
2125331590.0,Amir Khosravian,Harvard University
2612287.0,A. Amirkhani,Google
1412831642.0,M. Masih-Tehrani,University of Tokyo
81475044.0,G. Volk,Tsinghua University
2112731368.0,Stefan Müller,Tsinghua University
81074971.0,Alexander von Bernuth,Amazon
1766495.0,Dennis Hospach,Microsoft
143756149.0,O. Bringmann,Tsinghua University
1388017711.0,Christoph Kamann,Tsinghua University
1756036.0,C. Rother,Carnegie Mellon University
3282877.0,Antonio Valerio Miceli Barone,Massachusetts Institute of Technology
2259100.0,B. Haddow,Microsoft
50655248.0,Ulrich Germann,Tsinghua University
2082372.0,Rico Sennrich,Carnegie Mellon University
2319835354.0,Inacio Vieira,IBM
2319829234.0,Will Allred,Tsinghua University
2040096928.0,Séamus Lankford,Stanford University
3041243.0,Sheila Castilho,Carnegie Mellon University
2237429476.0,Andy Way,Massachusetts Institute of Technology
2061298.0,V. Bellandi,ETH Zurich
2174075151.0,G. D'Andrea,Google
1443738204.0,Samira Maghool,Massachusetts Institute of Technology
1897785.0,S. Siccardi,Massachusetts Institute of Technology
50459267.0,A. Tuerk,Google
1697887.0,Ahmed Aleroud,University of Oxford
1702232.0,George Karabatis,Microsoft
51170193.0,Amine Barrak,University of Tokyo
3379298.0,Ellis E. Eghan,IBM
143612725.0,Bram Adams,Carnegie Mellon University
2282210203.0,Samuel Idowu,University of Tokyo
2302563016.0,Yorick Sens,IBM
2242416696.0,Thorsten Berger,Massachusetts Institute of Technology
2242518499.0,Jacob Krüger,Harvard University
3044069.0,Michael Vierhauser,ETH Zurich
1869245.0,Tom Barbette,University of Oxford
1825377.0,Cyril Soldani,Amazon
2070711418.0,Romain Gaillard,University of Tokyo
1703770.0,L. Mathy,Amazon
1779748.0,Hongli Xu,University of Cambridge
49077062.0,Peng Xi,Massachusetts Institute of Technology
16875947.0,Gongming Zhao,Stanford University
46700208.0,Jianchun Liu,University of Tokyo
2131370808.0,Chen Qian,Carnegie Mellon University
39572596.0,Georgios P. Katsikas,Tsinghua University
144914281.0,Dejan Kostic,Google
118310609.0,G. Maguire,University of Toronto
49825479.0,Rebecca Steinert,Microsoft
2120204905.0,Massimo Girondi,University of Cambridge
48242253.0,Marco Chiesa,Google
152602127.0,Tianzhu Zhang,Google
2052215052.0,Han Qiu,Microsoft
2378118.0,Leonardo Linguaglossa,ETH Zurich
1756511.0,W. Cerroni,Amazon
1691720.0,P. Giaccone,Harvard University
35601593.0,Harald Stromfelt,University of Tokyo
1591125925.0,Yue Zhang,University of Tokyo
145411696.0,Björn Schuller,Stanford University
13477045.0,T. Moerland,Microsoft
1735303.0,J. Broekens,University of Tokyo
1689001.0,C. Jonker,Harvard University
144395551.0,M. Ivanović,Massachusetts Institute of Technology
1712090.0,Z. Budimac,Amazon
143651750.0,Miloš Radovanović,Harvard University
3113695.0,V. Kurbalija,Microsoft
143742626.0,Weihui Dai,Amazon
1740341.0,C. Bǎdicǎ,Amazon
1789290.0,M. Colhon,University of Tokyo
33627984.0,S. Ninkovic,IBM
34664252.0,Dejan Mitrovic,ETH Zurich
2700036.0,O. Hohlfeld,University of Toronto
2112789.0,Johannes Krude,University of Cambridge
35455751.0,J. Reelfs,IBM
2136203.0,Jan Rüth,University of Oxford
1719689.0,Klaus Wehrle,University of Toronto
2257291666.0,Mostafa Jalal,Carnegie Mellon University
49112666.0,S. Chilingaryan,Google
2856472.0,A. Kopmann,University of Oxford
2111894948.0,Yimin Du,University of Tokyo
2225070306.0,Keyang Chang,Carnegie Mellon University
8353967.0,Jinglin Shi,Harvard University
5855965.0,Yiqing Zhou,Carnegie Mellon University
2118169652.0,Min Liu,Harvard University
2036822744.0,Talaya Farasat,ETH Zurich
50976714.0,Muhammad Ahmad Rathore,IBM
2157129212.0,JongWon Kim,Massachusetts Institute of Technology
7677564.0,S. Miano,Amazon
2116884540.0,Xiaoqi Chen,IBM
51294444.0,Ran Ben Basat,University of Cambridge
145685698.0,G. Antichi,Massachusetts Institute of Technology
1799463962.0,Feng Wang,Amazon
2145004458.0,Qianyu Zhang,Microsoft
2058051322.0,Wei Yue,Stanford University
2808564.0,Liguang Xie,IBM
2091391653.0,Federico Parola,ETH Zurich
73213062.0,R. Procopio,ETH Zurich
51451743.0,Roberto Querio,IBM
2240973151.0,Fulvio Risso,Tsinghua University
33470417.0,G. Talavera,Google
1731497.0,M. Jayapala,Stanford University
1804285.0,J. Carrabina,Amazon
145410654.0,F. Catthoor,Massachusetts Institute of Technology
2149256794.0,Jian Gao,IBM
2155100066.0,Jie Chen,Carnegie Mellon University
2116635864.0,Li Zhou,Microsoft
2152798382.0,Yang Liu,University of Tokyo
2116406638.0,Xu Ma,Harvard University
49444734.0,Xuan Huang,University of Oxford
2108219341.0,Zhenpeng Wang,University of Tokyo
2117696708.0,Lu Li,University of Oxford
2610475.0,Anup Gangwar,Stanford University
2244892089.0,Mahesh Balakrishnan,Tsinghua University
1747329.0,P. Panda,ETH Zurich
2286810170.0,Anshul Kumar,University of Oxford
1722913.0,Vinod K. Valsalam,Harvard University
38281681.0,Jim Bednar,Stanford University
1686788.0,R. Miikkulainen,Tsinghua University
3454356.0,Mohammed Ahmed Muharram,Massachusetts Institute of Technology
2108190196.0,George D. Smith,Stanford University
41070350.0,R. L. D. Mántaras,Harvard University
1743242.0,Eva Armengol,University of Toronto
145969200.0,Benjamin Klein,Carnegie Mellon University
145128145.0,Lior Wolf,University of Cambridge
24072150.0,Lingchen Gu,Amazon
2240263299.0,Ju Liu,ETH Zurich
2110754720.0,Xiaoxi Liu,Harvard University
2278801.0,Wenbo Wan,Amazon
2244603563.0,Jiande Sun,IBM
2281637217.0,Iris Huijben,University of Tokyo
3271933.0,Matthijs Douze,Tsinghua University
2954796.0,Matthew Muckley,University of Toronto
2269460840.0,Ruud van Sloun,University of Oxford
2281637540.0,Jakob Verbeek,University of Toronto
2279541575.0,Zexuan Qiu,Massachusetts Institute of Technology
2144131350.0,Jiahong Liu,University of Cambridge
2681738.0,Yankai Chen,Massachusetts Institute of Technology
2266399557.0,Irwin King,ETH Zurich
2184215361.0,Jiyoung Kim,Stanford University
29932533.0,Kyuhong Shim,Tsinghua University
2274084734.0,Insu Lee,Carnegie Mellon University
145500030.0,B. Shim,Massachusetts Institute of Technology
2117940902.0,Zihan Liu,IBM
2269466817.0,Wentao Ni,University of Cambridge
1831521.0,Jingwen Leng,Microsoft
2269647435.0,Yu Feng,University of Tokyo
2109865181.0,Cong Guo,Tsinghua University
1596812259.0,Quan Chen,University of Toronto
2273334887.0,Chao Li,University of Toronto
2151671216.0,Minyi Guo,Stanford University
2124167.0,Yuhao Zhu,Carnegie Mellon University
2346105.0,Jingkuan Song,University of Oxford
2268020784.0,Zhibin Zhang,Tsinghua University
89662118.0,Xiaosu Zhu,ETH Zurich
9398015.0,Qike Zhao,University of Tokyo
2146058717.0,Meng Wang,ETH Zurich
2110685575.0,H. Shen,Tsinghua University
2112119393.0,Mingjie Li,ETH Zurich
2041843.0,Yuan-Gen Wang,ETH Zurich
144585402.0,Peng Zhang,University of Tokyo
7643789.0,Hanpin Wang,University of Cambridge
1699842.0,Lisheng Fan,University of Oxford
2190313283.0,Enxia Li,Massachusetts Institute of Technology
40119691.0,Wei Wang,University of Toronto
2143632482.0,Rong Huang,Tsinghua University
2109981570.0,Danfeng Zhang,University of Oxford
1929269.0,Weixue Lu,Massachusetts Institute of Technology
2227740491.0,Han Li,Amazon
2227782252.0,Meng Wang,ETH Zurich
2104450297.0,Daiting Shi,Harvard University
2168792096.0,Jun Fan,Massachusetts Institute of Technology
2788612.0,Zhicong Cheng,University of Oxford
2181612436.0,Simiu Gu,IBM
2136400100.0,Dawei Yin,IBM
145371473.0,S. Lall,IBM
1696431.0,Călin Caşcaval,University of Cambridge
40315108.0,M. Izzard,Stanford University
2493179.0,Tammo Spalink,IBM
2283848582.0,Logan Kenwright,Tsinghua University
1737321.0,P. Roop,IBM
2253741041.0,Nathan Allen,Massachusetts Institute of Technology
2283848580.0,Sanjay Lall,Google
40590743.0,S. Lall,Microsoft
1965582.0,Nejc Likar,Amazon
2119442.0,B. Nemec,Tsinghua University
1704773.0,L. Žlajpah,Stanford University
2057753762.0,Shingo Ando,ETH Zurich
143616608.0,A. Ude,ETH Zurich
2022069.0,Jonathan Vorndamme,University of Toronto
2067739440.0,João Carvalho,Stanford University
2133411698.0,Riddhiman Laha,University of Tokyo
3041209.0,Dorothea Koert,University of Oxford
144106018.0,Luis F. C. Figueredo,University of Cambridge
145197867.0,Jan Peters,Massachusetts Institute of Technology
2228324108.0,Sami Haddadin,University of Oxford
34892093.0,Giovanni Franzese,ETH Zurich
2999261.0,L. Rosa,University of Tokyo
37882475.0,Tim Verburg,Google
46945718.0,L. Peternel,University of Tokyo
145739642.0,Jens Kober,Massachusetts Institute of Technology
9680948.0,Sotiris Stavridis,Google
144639699.0,Dimitrios Papageorgiou,University of Tokyo
1801373.0,Z. Doulgeri,Massachusetts Institute of Technology
27301223.0,K. Yasuda,Harvard University
1405378395.0,Fares J. Abu-Dakka,Amazon
145419412.0,Á. Valera,Google
2428323.0,Juan A. Escalera,ETH Zurich
3290797.0,M. Abderrahim,Stanford University
50331784.0,Á. Page,University of Oxford
3342212.0,V. Mata,University of Toronto
2322052992.0,Yao Pan,Harvard University
32581309.0,Fangfang Gou,Carnegie Mellon University
2311444798.0,Chunwen Xiao,University of Cambridge
2257244149.0,Jun Liu,Amazon
2314774962.0,Jing Zhou,University of Oxford
2340893663.0,Rianto Rianto,University of Tokyo
144434599.0,A. Mutiara,Carnegie Mellon University
39576058.0,E. P. Wibowo,Microsoft
9081639.0,P. Santosa,University of Toronto
2237802.0,A. Arkkio,Harvard University
48175246.0,T. Jokinen,Stanford University
70239313.0,E. Lantto,Carnegie Mellon University
108134497.0,E. Scherman,Carnegie Mellon University
51950385.0,E. Sikanen,University of Tokyo
117988265.0,Hemantha Kumar Yeddu,Tsinghua University
98676964.0,M. Amraei,University of Toronto
2258313.0,J. Sopanen,University of Tokyo
2166292082.0,Yuntao Hu,Tsinghua University
2107942948.0,Mingzhe Chen,Google
50109653.0,Zhaohui Yang,University of Tokyo
1388444445.0,M. Shikh-Bahaei,Microsoft
2113229282.0,H. Poor,Carnegie Mellon University
2106614719.0,Shuguang Cui,Harvard University
2000518528.0,Fang Shi,Microsoft
2154072278.0,Weiwei Lin,Tsinghua University
2279004620.0,Xiumin Wang,University of Toronto
2238045394.0,Keqin Li,University of Oxford
2258997267.0,Albert Y. Zomaya,University of Oxford
2280291946.0,Jiachen Han,Harvard University
152255205.0,Wanli Ni,Tsinghua University
2156063274.0,Li Li,ETH Zurich
2284045178.0,Ghazaleh Kianfar,Massachusetts Institute of Technology
2307278632.0,S. J. S. Dmohammadi,Harvard University
2135243.0,J. Abouei,Microsoft
1410519911.0,Arash Mohammadi,Carnegie Mellon University
2281992361.0,Konstantinos N. Plataniotis,Carnegie Mellon University
150047492.0,Binyang Song,University of Cambridge
1490935954.0,Ruilin Zhou,Massachusetts Institute of Technology
1976481.0,Faez Ahmed,Microsoft
2143246531.0,Priteshkumar Gohil,Stanford University
20720551.0,Santosh Thoduka,Tsinghua University
1775016.0,P. Plöger,Tsinghua University
1859819.0,K. Hintz,Massachusetts Institute of Technology
51266238.0,Will Williamson,Stanford University
51263911.0,Steven Brannon,IBM
46190852.0,Jim Scrofani,IBM
2893044.0,S. Mehta,Microsoft
5594469.0,C. Ton,ETH Zurich
2667281.0,E. Doucette,Amazon
103492516.0,J. Curtis,University of Oxford
3451685.0,Aibek Ryskaliyev,University of Oxford
3451894.0,Sanzhar Askaruly,Microsoft
1744784.0,A. P. James,University of Oxford
2122250.0,S. Pirttikangas,Tsinghua University
1745217.0,J. Riekki,Microsoft
3213064.0,J. Röning,IBM
3263140.0,Marika Tähti,Amazon
69458826.0,Ville Rautio,Microsoft
1732512.0,Leena Arhippainen,University of Cambridge
1866671.0,J. Pirker,Stanford University
145279674.0,A. Dengel,University of Tokyo
145030947.0,M. Holly,Microsoft
89054234.0,S. Safikhani,Google
1417268397.0,Aditya Raikwar,University of Tokyo
1403235015.0,N. D'Souza,Massachusetts Institute of Technology
2054621277.0,Ciana Rogers,University of Cambridge
151676218.0,Mathew Kress,Stanford University
39253879.0,A. S. Williams,University of Cambridge
1719172.0,N. Rishe,IBM
2057601617.0,F. Ortega,Stanford University
2001357.0,F. J. A. Alvarez,Amazon
1401968492.0,E. B. Blázquez-Parra,Massachusetts Institute of Technology
1399544582.0,F. Montes-Tubío,University of Oxford
40359815.0,Juan Sebastian Urrego,Stanford University
3164293.0,Darío Correal,Tsinghua University
40551931.0,Conglei Shi,ETH Zurich
3008902.0,Siwei Fu,Amazon
2152517045.0,Qing Chen,Stanford University
2300486168.0,Huamin Qu,Massachusetts Institute of Technology
2317584573.0,Bo Pei,Google
2333620045.0,Ying Cheng,University of Oxford
2333714567.0,Alex Ambrose,Harvard University
2333717923.0,Eva Dziadula,University of Toronto
2333683660.0,Wanli Xing,Massachusetts Institute of Technology
2333847257.0,Jie Lu,University of Oxford
151113774.0,M. A. Ganaie,Massachusetts Institute of Technology
152622072.0,M. Tanveer,IBM
1688355.0,P. Suganthan,Carnegie Mellon University
2304746513.0,Salim rezvani,ETH Zurich
1866603.0,Farhad Pourpanah,Google
2304910123.0,Chee Peng Lim,Microsoft
2304897834.0,Q. M. J. Wu,Tsinghua University
2146113291.0,Chin-Teng Lin,Tsinghua University
2064705169.0,Javed Ali,Massachusetts Institute of Technology
2129305292.0,M. Aldhaifallah,Stanford University
2131885430.0,K. S. Nisar,Google
2339459113.0,A.A. Aljabr,University of Cambridge
47829536.0,M. Tanveer,Amazon
2248213062.0,M. Tanveer,Carnegie Mellon University
46184578.0,Alzheimer's Disease Neuroimaging Initiative,Harvard University
2151568983.0,A. K. Malik,ETH Zurich
148119661.0,Sibo Qiao,Massachusetts Institute of Technology
1750138.0,Shanchen Pang,Massachusetts Institute of Technology
47155754.0,G. Luo,Microsoft
10096563.0,S. Pan,Massachusetts Institute of Technology
11573049.0,Taotao Chen,Tsinghua University
1792647.0,Zhihan Lv,University of Oxford
2340096194.0,M. Tanveer,Microsoft
79290561.0,T. Rajani,University of Oxford
15232538.0,R. Rastogi,IBM
38078530.0,Y. Shao,Microsoft
2066496169.0,M. Tanveer,University of Oxford
35115278.0,Prabhjot Kaur,University of Cambridge
1784721.0,A. Gosain,IBM
2629829.0,Palwasha Afsar,ETH Zurich
145286037.0,P. Cortez,Amazon
144885720.0,H. Santos,Harvard University
12417033.0,Shengnan Gai,Microsoft
1680166.0,Eui-Jung Jung,Harvard University
1701305.0,B. Yi,IBM
144523409.0,J. Queißer,University of Tokyo
143684647.0,B. Hammer,University of Toronto
145863927.0,H. Ishihara,University of Cambridge
144657032.0,M. Asada,University of Cambridge
27551792.0,Jochen J. Steil,ETH Zurich
2052095589.0,Cristian Meo,IBM
1381262691.0,Corrado Pezzato,Harvard University
1509416491.0,Max Spahn,University of Tokyo
2865315.0,Pablo Lanillos,IBM
21220242.0,Giuseppe Averta,Tsinghua University
145301291.0,N. Hogan,Tsinghua University
3104272.0,Senka Krivic,Carnegie Mellon University
1772389.0,J. Piater,Tsinghua University
2137242188.0,Ziyan Gao,Google
3015996.0,A. Elibol,IBM
1771640.0,N. Chong,IBM
46837955.0,Jochen Stüber,University of Cambridge
2486829.0,Claudio Zito,IBM
102679833.0,R. Stolkin,Amazon
48000250.0,Pooja Bhat,University of Toronto
3104508.0,Matthias Nieuwenhuisen,University of Oxford
2053516026.0,Dirk Schulz,Harvard University
2332934096.0,Francesco Quaglia,Google
2169541249.0,Federica Montesano,Stanford University
37061173.0,Romolo Marotta,Google
144898784.0,Alessandro Pellegrini,Massachusetts Institute of Technology
145401627.0,F. Quaglia,Tsinghua University
1750770.0,K. Perumalla,University of Toronto
36928529.0,Alfred Park,ETH Zurich
30807406.0,Sumanta Bhattacharyya,Stanford University
3057079.0,M. Mukul,University of Tokyo
120398532.0,Vikas Trikha,University of Toronto
1746880.0,J. Fiaidhi,IBM
145519044.0,Sabah Mohammed,IBM
2037450192.0,M. Kilkenny,IBM
2627980.0,C. L. Hovey,Carnegie Mellon University
2140180612.0,Fujiko Robledo Yamamoto,Harvard University
1805040.0,A. Voida,University of Tokyo
35227813.0,L. Barker,Carnegie Mellon University
51125328.0,Praveen Damacharla,University of Toronto
40795471.0,Parashar Dhakal,Harvard University
2036872093.0,J. P. Bandreddi,University of Tokyo
39803999.0,A. Javaid,Microsoft
2216541.0,J. Gallimore,ETH Zurich
143815294.0,Colin P. Elkin,Harvard University
49738269.0,V. Devabhaktuni,Stanford University
40691635.0,Roosevelt Sardinha,Carnegie Mellon University
144707454.0,Aline Paes,University of Tokyo
1753715.0,Gerson Zaverucha,University of Cambridge
1706989.0,V. S. Costa,University of Cambridge
2393320.0,Kaili Zhao,Google
39336289.0,Wen-Sheng Chu,Microsoft
2108970782.0,Honggang Zhang,Tsinghua University
3403352.0,Zhiwen Shao,University of Toronto
151482182.0,Hancheng Zhu,Carnegie Mellon University
2145493727.0,Yong Zhou,Google
2323787372.0,Xiang Xiang,Harvard University
2228756735.0,Bing Liu,Google
145786594.0,Rui Yao,University of Toronto
2323827347.0,Lizhuang Ma,Stanford University
1404100564.0,A. Arista-Jalife,University of Cambridge
1401771340.0,E. Gómez-Ramírez,Massachusetts Institute of Technology
2239211677.0,Darrin Hanna,University of Tokyo
2288984843.0,Barbara A Oakley,Stanford University
2288983697.0,Gabrielle A Stryker,University of Tokyo
2064150.0,C. Rekeczky,University of Tokyo
1772490.0,T. Roska,IBM
1751975.0,A. Ushida,Amazon
2152798968.0,Yang Liu,University of Tokyo
3280806.0,Xingming Zhang,Stanford University
3381691.0,Yante Li,Carnegie Mellon University
2044333117.0,Jinzhao Zhou,ETH Zurich
2153897097.0,Xin Li,University of Toronto
1757287.0,Guoying Zhao,Microsoft
39668466.0,Adamu Muhammad Buhari,Harvard University
2327746.0,Chee-Pun Ooi,IBM
34287833.0,Vishnu Monn Baskaran,Microsoft
2105128532.0,R. Phan,Tsinghua University
1713159.0,Koksheik Wong,Carnegie Mellon University
1819894.0,W. Tan,IBM
40353287.0,Xiangyuan Lan,Microsoft
117192328.0,Sandhya Parameswaran Namboodiri,IBM
2286272239.0,Venkataraman D,University of Oxford
65784403.0,Bayezid Islam,University of Tokyo
144903595.0,F. Mahmud,IBM
39711431.0,A. Hossain,University of Cambridge
46910399.0,Mira Jeong,ETH Zurich
144893429.0,ByoungChul Ko,Microsoft
2073933120.0,S. Wibawanto,University of Cambridge
32024439.0,Kartika Candra Kirana,Carnegie Mellon University
3084152.0,A. Durmuşoğlu,Harvard University
2097841220.0,Y. Kahraman,University of Toronto
2601939.0,H. Mahersia,Carnegie Mellon University
2186757.0,K. Hamrouni,Carnegie Mellon University
2941799.0,Gittipat Jetsiktat,University of Toronto
2951291.0,Sasipa Panthuwadeethorn,University of Toronto
2117425.0,Suphakant Phimoltares,Tsinghua University
2240934.0,Fu-Song Hsu,Stanford University
1682393.0,Wei-Yang Lin,University of Tokyo
2080026.0,Tzu-Wei Tsai,Amazon
143897349.0,P. Szecówka,ETH Zurich
2288394503.0,Kamil J. Pyrzynski,Massachusetts Institute of Technology
81068884.0,J. Khanam,University of Oxford
11735962.0,Kevin A. Cavicchi,Massachusetts Institute of Technology
2295749528.0,Haotian Zhang,University of Toronto
2090224732.0,S. D. Semujju,Tsinghua University
2273913753.0,Zhicheng Wang,Carnegie Mellon University
2284278459.0,Xianwei Lv,Amazon
2273891658.0,Kang Xu,Tsinghua University
2273770186.0,Liang Wu,University of Cambridge
2274082857.0,Ye Jia,University of Oxford
2273949609.0,Jing Wu,University of Toronto
2273646608.0,Zhuo Long,University of Toronto
2274100100.0,Wensheng Liang,IBM
2282916231.0,Xiaoguang Ma,University of Oxford
2273645347.0,Ruiyan Zhuang,University of Tokyo
151125535.0,Md. Ochiuddin Miah,Harvard University
1402877870.0,Rafsanjani Muhammod,University of Tokyo
144986653.0,K. Mamun,Amazon
1771095.0,D. Farid,Stanford University
2109681670.0,Shiu Kumar,Carnegie Mellon University
40893923.0,Alok Sharma,Carnegie Mellon University
3263791.0,A. Dehzangi,Harvard University
2116362588.0,Md. Mahfuzur Rahman,Microsoft
9080779.0,Dattaprasad Torse,ETH Zurich
3241872.0,V. Desai,ETH Zurich
9195663.0,Rajashri Khanai,Carnegie Mellon University
40497459.0,M. Riemer,Massachusetts Institute of Technology
2652016.0,Tim Klinger,Stanford University
1744675.0,Djallel Bouneffouf,Massachusetts Institute of Technology
1685898.0,M. Franceschini,Stanford University
74133595.0,M. Akker,University of Cambridge
1788150.0,H. Hoogeveen,Google
2920523.0,N. Vakhania,Harvard University
2108954183.0,Wenjie Li,University of Cambridge
2109528269.0,Hailing Liu,Carnegie Mellon University
2667972.0,Xiwen Lu,University of Cambridge
145078777.0,Jinjiang Yuan,Stanford University
145358661.0,Ji Tian,ETH Zurich
2150920868.0,Yan Zhou,University of Oxford
1768766.0,Ruyan Fu,University of Oxford
120347042.0,Rubing Chen,Carnegie Mellon University
1702184.0,Lingfa Lu,ETH Zurich
50081375.0,Liqi Zhang,Google
2281442625.0,Xuelei Sun,Carnegie Mellon University
2187045917.0,Yingjie Wang,ETH Zurich
2281378790.0,Peiyong Duan,University of Oxford
2073585843.0,Qasim Zia,Google
2261687677.0,Weilong Wang,Harvard University
2244075705.0,Zhipeng Cai,Amazon
2152802065.0,Yang Liu,Stanford University
31609328.0,Yong Li,IBM
145859268.0,Wei Cheng,University of Tokyo
47825456.0,Weiguang Wang,Massachusetts Institute of Technology
2109725625.0,Junhua Yang,Google
2153605139.0,Yu Wang,University of Toronto
47876591.0,Jing-jing Wu,IBM
2303465689.0,Xingyuan Hua,Amazon
2144632579.0,Chi Harold Liu,University of Tokyo
2108398139.0,Guozheng Li,Massachusetts Institute of Technology
2144437846.0,Jianxin R. Zhao,Amazon
2130403581.0,Ye Yuan,IBM
8349792.0,Guoren Wang,University of Toronto
2165186676.0,Yixiang Ren,Harvard University
1704406169.0,Zhenhui Ye,IBM
7436428.0,Guang-hua Song,Massachusetts Institute of Technology
2155408616.0,Xiaohong Jiang,ETH Zurich
2110237332.0,Kee-Young Lee,Tsinghua University
3138646.0,Hyosook Jung,Harvard University
1800388.0,Seongbin Park,University of Toronto
1733560.0,M. E. Elsaid,Tsinghua University
34572707.0,Hazem M. Abbas,University of Tokyo
1708312.0,C. Meinel,Carnegie Mellon University
32732004.0,M. Sameh,Stanford University
2054953453.0,Huiping Shang,Stanford University
2110207368.0,Jianxing Wang,Microsoft
71425070.0,Junxiang Zhao,University of Oxford
40120784.0,Omran Ayoub,Massachusetts Institute of Technology
122905339.0,Obed Huamani,Google
48419853.0,F. Musumeci,Google
1759410.0,M. Tornatore,University of Tokyo
2109162828.0,Shawish Ahmed,Harvard University
2915463.0,Yan-Ren Chen,Massachusetts Institute of Technology
38521559.0,I. Liu,Stanford University
121126136.0,Cheng-Wei Chou,University of Tokyo
1492118133.0,Jung-Shian Li,ETH Zurich
2669554.0,Chuan-Gang Liu,Massachusetts Institute of Technology
4591224.0,Monica Daniela Gomez Rios,University of Tokyo
2005163335.0,Doris Juliana Castillo Herrera,Microsoft
2006075804.0,Karla Stefania Narváez Lucio,IBM
30780021.0,M. L. Vazquez,University of Oxford
30893368.0,Ilesanmi Olade,University of Cambridge
47517530.0,Charles Fleming,Tsinghua University
39935739.0,Hai-Ning Liang,University of Tokyo
153844273.0,Christopher Champion,University of Toronto
2633315.0,M. Chandramouli,University of Toronto
49595930.0,G. Jin,Harvard University
1471837030.0,Daniel Cubillos,University of Tokyo
113403485.0,Siti Muniratu Salihah Aishatun bt Yahya,University of Toronto
2109973653.0,Suzana Ahmad,Google
3147343.0,Intan Fariza Bt Hairuman,Massachusetts Institute of Technology
2203117.0,O. Foong,Harvard University
2188303651.0,Mohamed Dhiaeddine Messaoudi,Tsinghua University
40805055.0,B. Ménélas,University of Oxford
3138293.0,H. Mcheick,University of Tokyo
1399015523.0,Fatma El-Zahraa El-Taher,Harvard University
145515128.0,Ayman E. Taha,Harvard University
145739318.0,J. Courtney,ETH Zurich
143667097.0,Susan Mckeever,University of Cambridge
30441535.0,Zixiang Fei,ETH Zurich
48553748.0,Erfu Yang,ETH Zurich
143846701.0,Huosheng Hu,Microsoft
46544755.0,Huiyu Zhou,Massachusetts Institute of Technology
145923920.0,S. Sulaiman,University of Cambridge
17777392.0,K. Ling,Amazon
3217653.0,Masataka Fuchida,Amazon
2061304581.0,Ryo Abe,Amazon
1381861828.0,Akio Nakamura,Microsoft
2042707165.0,Anfal Attai,University of Tokyo
145973534.0,Ashraf Elnagar,Google
2156914450.0,Fakhraddin Alwajih,Stanford University
17771023.0,El Moatez Billah Nagoudi,ETH Zurich
2148712875.0,Gagan Bhatia,Microsoft
2267015572.0,Abdelrahman Mohamed,Microsoft
2065312024.0,Muhammad Abdul-Mageed,University of Tokyo
2187359313.0,R. Al-Malki,Google
1644300583.0,A. Y. Al-Aama,ETH Zurich
40881582.0,Clayton J. Faber,Tsinghua University
2106669075.0,S. Harris,Harvard University
2155693701.0,Zhili Xiao,Amazon
35099612.0,R. Chamberlain,University of Toronto
46988384.0,A. Cabrera,Google
1500418292.0,Nicolai Fiege,IBM
29362632.0,Patrick Sittel,University of Tokyo
144762541.0,P. Zipf,Microsoft
145576595.0,Saransh Gupta,University of Tokyo
144576599.0,M. Imani,University of Oxford
30937904.0,Joonseop Sim,Microsoft
2054860108.0,Andrew Huang,Microsoft
2116491253.0,Fan Wu,Microsoft
2047412869.0,Jaeyoung Kang,Harvard University
2140071418.0,Yeseong Kim,Google
1728828.0,T. Rosing,Stanford University
35440261.0,Masoud Shahshahani,Microsoft
144041520.0,D. Bhatia,IBM
144958143.0,Sihao Yu,Microsoft
1777025.0,J. Guo,Stanford University
2109960367.0,Ruqing Zhang,IBM
7888704.0,Yixing Fan,ETH Zurich
2117415732.0,Zizhen Wang,IBM
1717004.0,Xueqi Cheng,Google
2111354726.0,Zhimin Chen,Amazon
2267482774.0,Liang Yang,University of Toronto
2267386547.0,Yingwei Li,Harvard University
2326285043.0,Longlong Jing,Google
2267675661.0,Bing Li,Stanford University
1808299.0,Kehua Guo,Massachusetts Institute of Technology
2210244397.0,Zheng Wu,Harvard University
2108438707.0,Weizheng Wang,University of Tokyo
2075290131.0,Sheng Ren,University of Cambridge
2143744718.0,Xiaokang Zhou,Tsinghua University
11041265.0,T. Gadekallu,University of Oxford
2243668.0,Entao Luo,ETH Zurich
2200531981.0,Chaoyang Liu,Carnegie Mellon University
2275062796.0,William W. Cohen,University of Tokyo
1716301.0,R. Schapire,IBM
1740765.0,Y. Singer,Massachusetts Institute of Technology
1491148614.0,Laura Fdez-Díaz,Harvard University
1491122345.0,Miriam Fdez-Díaz,Tsinghua University
145470939.0,J. R. Quevedo,Massachusetts Institute of Technology
2897539.0,E. Montañés,Stanford University
2401435.0,Dorothea Baumeister,University of Tokyo
82125923.0,Tobias Hogrebe,IBM
87203696.0,R. Sahay,University of Toronto
2157039965.0,Serena Nicoll,Google
39767557.0,M. Zhang,University of Toronto
11844404.0,Tsung-Yen Yang,Massachusetts Institute of Technology
1393650147.0,Carlee Joe-Wong,Carnegie Mellon University
34569448.0,K. Douglas,Harvard University
145009961.0,Christopher G. Brinton,Google
6814984.0,D. Lemay,Microsoft
2264619.0,Tenzin Doleck,Stanford University
47072314.0,Yuwei Tu,ETH Zurich
1685627749.0,Elizabeth Tenorio,Massachusetts Institute of Technology
2072948215.0,P. Hansen,Tsinghua University
1392881542.0,Richard Junior Bustamante,Microsoft
116491218.0,M. Chiang,Harvard University
1730535.0,Andrew S. Lan,University of Cambridge
2246965.0,Omaima Almatrafi,Stanford University
1710392.0,A. Johri,Google
2153838294.0,Wentao Lei,Amazon
2152097239.0,Mingming Fan,Amazon
2153464524.0,Juliann Thang,Massachusetts Institute of Technology
153196291.0,Franklin Mingzhe Li,Tsinghua University
2148964017.0,Ashley Wang,University of Oxford
2256153726.0,Patrick Carrington,Harvard University
2893996.0,Shaun K. Kane,University of Toronto
2301757701.0,Chutian Jiang,ETH Zurich
2301112646.0,Yinan Fan,Massachusetts Institute of Technology
2293319782.0,Junan Xie,Tsinghua University
2115694650.0,Emily Kuang,IBM
2301170142.0,Kaihao Zhang,Microsoft
2204644498.0,Mingming Fan,ETH Zurich
1719062.0,J. Kender,Stanford University
1780080.0,M. Naphade,University of Tokyo
2070687.0,Shengsheng Qian,Carnegie Mellon University
1907582.0,Tianzhu Zhang,University of Toronto
145194969.0,Changsheng Xu,University of Oxford
2109632301.0,Zhenzhong Li,University of Cambridge
2142244.0,Wenqian Shang,Google
3450426.0,Menghan Yan,Tsinghua University
144597794.0,Robin Aly,University of Toronto
1691929.0,D. Hiemstra,Carnegie Mellon University
145404204.0,Cees G. M. Snoek,Massachusetts Institute of Technology
1717056.0,M. Worring,University of Toronto
144050849.0,Gang Luo,Microsoft
143634393.0,Rong Yan,IBM
144019071.0,Philip S. Yu,University of Oxford
144539992.0,Xiaoyong Wei,IBM
143977389.0,C. Ngo,ETH Zurich
1578523513.0,Yogambal Jayalakshmi Natarajan,Amazon
66966391.0,Deepa Subramaniam Nachimuthu,Tsinghua University
2937462.0,Xiaolin Mou,University of Cambridge
2120076154.0,Yingji Zhang,University of Tokyo
1388990417.0,Jing Jiang,IBM
1920617.0,Hongjian Sun,Massachusetts Institute of Technology
2133596888.0,F. S.,Amazon
2133542382.0,C. S.,University of Toronto
2125829421.0,F. S.,University of Cambridge
2289255672.0,Swati Gupta,Amazon
101266289.0,B. Kishan,Microsoft
2022922.0,P. Gulia,Massachusetts Institute of Technology
1500391660.0,Mert Nakıp,Tsinghua University
2121493768.0,Kubı̇lay Karakayali,Microsoft
144540872.0,C. Güzelı̇ş,Harvard University
1788426.0,V. Rodoplu,University of Oxford
2117215280.0,Abeer A. Al Batayneh,Amazon
1736951.0,Malik Qasaimeh,IBM
1402367150.0,Raad S. Al-Qassas,Google
1519284623.0,Jiahao Wang,Microsoft
2121454.0,Liang Zhang,Microsoft
12166382.0,Peiyi Shen,IBM
2014277.0,Guangming Zhu,Tsinghua University
2145061131.0,Yuhuai Zhang,Carnegie Mellon University
90913818.0,Youssef Tounsi,Carnegie Mellon University
21637154.0,L. Hassouni,Amazon
3434413.0,H. Anoun,Carnegie Mellon University
2113984090.0,Deron Liang,Stanford University
1707262.0,Chih-Fong Tsai,Carnegie Mellon University
35526354.0,An-Jie Dai,University of Toronto
144289798.0,W. Eberle,Harvard University
1741390809.0,Weidong Tian,University of Oxford
2116490313.0,F. Wu,IBM
35051203.0,Jipeng Qiang,Carnegie Mellon University
2157473757.0,Hongjuan Zhou,Harvard University
2207471880.0,Yi Guo,ETH Zurich
2331256599.0,Yixuan Wang,Amazon
2331217566.0,Yuanyuan Shi,Amazon
2216660159.0,Pan Xu,Google
2331681245.0,Anqi Liu,Microsoft
7973305.0,H. Mohaghegh,ETH Zurich
1877377.0,H. Rahmani,Microsoft
47028380.0,Hamid Laga,University of Toronto
3417987.0,F. Boussaid,ETH Zurich
1698675.0,Bennamoun,IBM
2072796744.0,Q. Jin,University of Cambridge
2159272207.0,Mingzhi Yuan,Tsinghua University
2221257494.0,Haoran Wang,University of Tokyo
40532896.0,Manning Wang,University of Tokyo
143789515.0,Zhijian Song,University of Cambridge
1730314.0,Sergio Flesca,Microsoft
41019029.0,Domenico Mandaglio,Harvard University
2083853019.0,Francesco Scala,Stanford University
1688359.0,Andrea Tagarelli,Amazon
50793081.0,Yaman Kumar Singla,Microsoft
2013489499.0,R. Jha,University of Tokyo
2182429779.0,Arunim Gupta,Google
6657914.0,Milan Aggarwal,IBM
2182291926.0,Aditya Garg,University of Toronto
2216556649.0,Tushar Malyan,Tsinghua University
2143932613.0,Ayush Bhardwaj,ETH Zurich
1753278.0,R. Shah,University of Toronto
145846953.0,Balaji Krishnamurthy,University of Toronto
1752041.0,Changyou Chen,Tsinghua University
2186556234.0,Bea Waelbers,Amazon
2986008.0,S. Bromuri,University of Cambridge
72737340.0,Alexander P. Henkel,IBM
2142394449.0,Nils Müller,Massachusetts Institute of Technology
49875067.0,C. Ziras,Massachusetts Institute of Technology
1914208.0,K. Heussen,Harvard University
1581832859.0,Mahdad Pourmadadkar,Massachusetts Institute of Technology
79513578.0,M. Lezzi,Google
2165350485.0,Angelo Corallo,Tsinghua University
2243316877.0,Yating Xu,ETH Zurich
2242327984.0,Conghui Hu,University of Cambridge
2055269901.0,Na Zhao,Google
35181410.0,Gim Hee Lee,IBM
